EMPLID,MANAGER_ID,GRADE
43398,43372,5
41046,43398,4
127977,43398,4
59725,43398,4
195669,43398,3
204362,43398,3
204370,43398,3
162032,43398,3
196279,43398,3
171272,43398,2
183822,43398,2
170399,43398,2
77222,43398,2
21585,43398,2
171439,43398,2
111583,43398,3
229609,43398,3
121780,43398,3
44248,43398,3
195792,43398,3
121830,43398,3
176321,43398,3
111575,43398,3
173856,43398,3
208736,43398,3
232231,43398,3
199489,43398,3
187542,43398,3
200139,43398,3
180802,43398,3
232199,43398,3
169722,43398,3
115972,43398,3
196162,43398,3
131359,43398,3
221952,43398,3
169987,43398,3
209288,43398,3
169524,43398,3
190884,43398,3
122937,43398,3
208603,43398,3
195123,43398,3
224758,43398,3
107607,43398,3
122069,43398,3
171454,43398,3
147710,43398,3
221721,43398,3
52142,43372,5
81026,52142,4
70524,52142,4
83733,52142,4
180687,52142,3
204511,52142,3
162693,52142,3
204602,52142,3
196063,52142,3
121772,52142,2
173617,52142,2
173583,52142,2
173633,52142,2
230797,52142,2
207423,52142,2
29648,52142,2
167049,52142,3
208975,52142,3
229914,52142,3
140582,52142,3
157792,52142,3
72298,52142,3
176339,52142,3
176271,52142,3
176180,52142,3
208447,52142,3
226993,52142,3
221184,52142,3
168336,52142,3
145714,52142,3
194647,52142,3
134817,52142,3
98293,52142,3
84418,52142,3
195917,52142,3
111468,52142,3
195198,52142,3
167130,52142,3
178921,52142,3
226977,52142,3
20466,52142,3
166033,52142,3
180950,52142,3
105239,52142,3
230276,52142,3
151829,52142,3
43356,43372,5
112284,43356,4
72801,43356,4
73601,43356,4
162834,43356,3
204933,43356,3
207555,43356,3
169953,43356,2
173641,43356,2
68775,43356,2
41434,43356,2
173658,43356,2
154591,43356,2
170365,43356,2
177899,43356,3
221796,43356,3
186189,43356,3
221853,43356,3
179937,43356,3
187799,43356,3
122036,43356,3
203877,43356,3
50492,43356,3
189449,43356,3
210088,43356,3
169961,43356,3
78055,43356,3
183152,43356,3
196055,43356,3
215160,43356,3
189308,43356,3
189373,43356,3
94136,43356,3
211136,43356,3
209189,43356,3
202127,43356,3
222026,43356,3
171157,43356,3
194548,43356,3
208710,43356,3
154989,43356,3
201491,43356,3
208546,43356,3
221895,43356,3
139428,43356,3
121988,43356,3
142430,43356,3
198309,43356,3
186155,43356,3
194480,43356,3
79079,43356,3
134510,43356,3
194324,43356,3
58305,25864,5
81810,58305,4
73668,58305,4
74716,58305,4
161067,58305,3
201848,58305,3
188029,58305,3
41038,58305,2
29452,58305,2
41228,58305,2
77271,58305,2
26721,58305,2
157412,58305,3
188813,58305,3
146399,58305,3
139378,58305,3
228296,58305,3
97139,58305,3
189209,58305,3
208843,58305,3
228049,58305,3
188490,58305,3
221978,58305,3
231837,58305,3
208967,58305,3
145599,58305,3
137026,58305,3
165274,58305,3
123638,58305,3
81802,58305,3
97279,58305,3
97220,58305,3
162818,58305,3
80887,58305,3
191098,58305,3
57471,58305,3
98186,58305,3
166249,58305,3
145581,58305,3
2256,31213,1
31213,16077,5
46441,31213,4
33689,31213,4
59048,31213,4
201905,31213,3
78196,31213,3
22947,31213,3
58891,31213,2
35461,31213,2
210716,31213,2
29915,31213,2
29012,31213,2
102608,31213,2
210815,31213,2
33443,31213,2
210989,31213,2
162263,31213,2
60293,31213,2
221861,31213,3
146951,31213,3
38168,31213,3
201145,31213,3
222000,31213,3
208520,31213,3
51094,31213,3
190702,31213,3
110908,31213,3
55616,31213,3
177295,31213,3
71845,31213,3
31221,31213,3
80937,31213,3
71134,31213,3
49841,31213,3
221770,31213,3
177428,31213,3
34091,31213,3
221879,31213,3
221846,31213,3
69120,31213,3
177600,31213,3
221887,31213,3
59691,31213,3
109223,31213,3
193383,31213,3
68288,31213,3
93864,31213,3
93906,31213,3
226951,31213,3
30283,31213,2
29151,31213,2
31831,31213,2
31849,31213,2
28618,32780,6
52100,28618,4
72728,28618,4
206300,28618,3
96131,28618,3
22620,28618,3
230037,28618,2
74005,28618,2
26608,28618,2
179606,28618,2
208488,28618,2
102632,28618,2
29541,28618,2
29559,28618,2
139519,28618,2
179572,28618,2
225011,28618,3
194761,28618,3
133710,28618,3
96396,28618,3
195800,28618,3
179234,28618,3
208728,28618,3
162768,28618,3
68403,28618,3
179630,28618,3
145607,28618,3
200097,28618,3
112490,28618,3
62612,28618,3
57919,28618,3
195818,28618,3
209775,28618,3
178723,28618,3
120105,28618,3
35186,28618,2
19740,115550,1
115550,46839,5
151423,115550,4
22523,115550,3
196451,115550,3
233254,115550,3
102640,115550,2
210880,115550,2
24216,115550,2
116129,115550,2
197384,115550,2
109629,115550,2
121871,115550,2
26755,115550,2
210872,115550,2
19732,115550,2
37120,115550,2
194753,115550,2
171264,115550,2
210898,115550,2
208678,115550,3
208751,115550,3
207670,115550,3
199455,115550,3
208850,115550,3
194514,115550,3
228957,115550,3
228940,115550,3
177485,115550,3
222653,115550,3
210260,115550,3
212837,115550,3
151845,115550,3
60491,115550,3
167361,115550,3
227009,115550,3
229336,115550,3
64154,115550,3
132944,127084,4
130559,127084,4
97204,127084,3
149369,127084,3
188045,127084,3
73635,127084,3
210948,127084,2
146944,127084,2
210682,127084,2
179531,127084,2
17324,127084,2
85704,127084,2
33427,127084,2
121756,127084,2
122077,127084,2
171199,127084,2
21551,127084,2
147017,127084,2
26789,127084,2
210922,127084,2
122176,127084,2
138966,127084,3
208645,127084,3
224022,127084,3
179192,127084,3
226332,127084,3
178657,127084,3
178350,127084,3
211771,127084,3
189621,127084,3
230359,127084,3
191585,127084,3
226845,127084,3
168179,127084,3
208892,127084,3
102145,127084,3
164780,127084,3
120063,127084,3
209080,127084,3
179432,127084,3
132936,127084,3
145649,127084,3
127084,59113,6
79749,127084,4
195222,127084,3
209304,127084,3
19457,59113,6
125344,19457,4
112482,19457,4
70037,19457,3
187567,19457,3
197301,19457,3
115816,19457,2
77180,19457,2
73510,19457,2
134965,19457,2
197178,19457,2
17879,19457,2
129387,19457,2
102624,19457,2
105429,19457,2
2078,19457,2
158931,19457,3
212878,19457,3
166991,19457,3
166918,19457,3
157610,19457,3
195834,19457,3
180794,19457,3
167973,19457,3
115857,19457,3
228882,19457,3
76117,19457,3
148262,19457,3
196378,19457,3
118729,19457,3
56838,19457,4
84400,19457,4
120212,19457,4
199653,19457,3
126185,19457,3
178376,19457,3
210906,19457,2
210823,19457,2
210914,19457,2
154559,19457,2
210971,19457,2
188318,19457,2
210674,19457,2
183996,19457,2
184192,19457,2
129338,19457,2
197129,19457,2
77321,19457,2
121947,19457,2
100776,19457,2
210963,19457,2
167304,19457,3
167056,19457,3
221929,19457,3
127464,19457,3
148411,19457,3
228973,19457,3
221937,19457,3
69898,19457,3
158477,19457,3
178756,19457,3
221820,19457,3
194555,19457,3
101337,19457,3
60939,19457,3
134940,19457,3
135871,19457,3
69609,19457,3
144667,19457,3
208785,19457,3
133199,19457,3
208769,19457,3
230698,19457,3
120428,19457,3
166967,19457,3
124792,19457,3
80960,44198,4
63610,44198,4
193961,44198,3
135814,44198,3
187435,44198,2
187054,44198,2
207308,44198,2
105494,44198,2
129213,44198,2
207365,44198,2
115899,44198,2
209510,44198,3
212092,44198,3
209528,44198,3
229518,44198,3
190645,44198,3
113761,44198,3
85118,44198,3
180836,44198,3
170266,44198,3
165845,44198,3
66076,44198,3
167296,44198,3
63511,44198,3
103663,44198,3
179358,44198,3
62422,44198,3
164384,44198,3
209759,44198,3
44198,25864,6
104869,44198,4
82057,44198,4
109371,44198,3
28977,44198,3
68361,44198,3
71316,44198,3
210708,44198,2
207274,44198,2
139758,44198,2
170290,44198,2
154567,44198,2
134916,44198,2
210690,44198,2
25076,44198,2
26682,44198,2
179564,44198,2
129270,44198,2
146829,44198,2
134924,44198,2
197418,44198,2
115907,44198,2
29606,44198,2
224485,44198,3
222539,44198,3
168039,44198,3
167395,44198,3
222448,44198,3
135707,44198,3
208637,44198,3
221945,44198,3
120378,44198,3
221747,44198,3
196659,44198,3
165969,44198,3
223586,44198,3
17235,44198,3
195156,44198,3
36857,44198,3
157735,44198,3
194993,44198,3
195933,44198,3
194563,44198,3
221960,44198,3
61523,44198,2
24282,44198,2
10356,44198,2
119990,64899,4
160374,64899,4
143651,64899,3
234252,64899,3
115824,64899,2
121962,64899,2
181800,64899,2
170308,64899,2
214197,64899,2
221911,64899,3
209411,64899,3
222588,64899,3
209031,64899,3
221788,64899,3
201210,64899,3
195149,64899,3
230771,64899,3
120162,64899,3
178764,64899,3
189134,64899,3
210344,64899,3
157966,64899,3
64899,644,6
93088,64899,4
133744,64899,4
143115,64899,4
24135,64899,3
51441,64899,3
211102,64899,3
37471,64899,3
206813,64899,2
146936,64899,2
231829,64899,2
129254,64899,2
104398,64899,2
179481,64899,2
34766,64899,2
197442,64899,2
170316,64899,2
46920,64899,2
162248,64899,2
68874,64899,2
29622,64899,2
226621,64899,2
167353,64899,3
174961,64899,3
60087,64899,3
145961,64899,3
152181,64899,3
199307,64899,3
178889,64899,3
221739,64899,3
199851,64899,3
221838,64899,3
99622,64899,3
143131,64899,3
198986,64899,3
178624,64899,3
178392,64899,3
52506,64899,3
177998,64899,3
195958,64899,3
184390,64899,3
226456,64899,3
209437,64899,3
38883,64899,2
35021,19449,5
85209,35021,4
84525,35021,4
102731,35021,3
230425,35021,3
52514,35021,3
102723,35021,2
122200,35021,2
171397,35021,2
129189,35021,2
24410,35021,2
188037,35021,2
102715,35021,2
162255,35021,2
68973,35021,2
129361,35021,2
146886,35021,2
158402,35021,2
210732,35021,2
98822,35021,3
76059,35021,3
97014,35021,3
128710,35021,3
188987,35021,3
227579,35021,3
211748,35021,3
221812,35021,3
179762,35021,3
209312,35021,3
179374,35021,3
177451,35021,3
79780,35021,3
177923,35021,3
134874,35021,3
179747,35021,3
179465,35021,3
100636,35021,3
137463,35021,3
209262,35021,3
25246,19449,5
133694,25246,4
26894,25246,3
188847,25246,3
210831,25246,2
210955,25246,2
158436,25246,2
129320,25246,2
158501,25246,2
150730,25246,3
232298,25246,3
179598,25246,3
179408,25246,3
209908,25246,3
232173,25246,3
208983,25246,3
222034,25246,3
151456,25246,3
196253,25246,3
223776,25246,3
233056,25246,3
221903,25246,3
69112,16077,5
101386,69112,4
16019,69112,4
59675,69112,3
27743,69112,3
214593,69112,3
32552,69112,3
74039,69112,2
35217,69112,2
198317,69112,2
158360,69112,2
42218,69112,2
20628,69112,2
162271,69112,2
26658,69112,2
122168,69112,2
26098,69112,2
121731,69112,2
111674,69112,2
189050,69112,2
105445,69112,2
195875,69112,3
221713,69112,3
230821,69112,3
225383,69112,3
226837,69112,3
145805,69112,3
193730,69112,3
167767,69112,3
183632,69112,3
195073,69112,3
225375,69112,3
224030,69112,3
193748,69112,3
221754,69112,3
175463,69112,3
57950,69112,3
59253,69112,3
221762,69112,3
110239,69112,3
110353,69112,3
65904,69112,3
59303,69112,3
37633,16077,5
72124,37633,4
124412,37633,4
17073,37633,4
41020,37633,3
61432,37633,3
198218,37633,3
176313,37633,3
207191,37633,2
92544,37633,2
68866,37633,2
68940,37633,2
68924,37633,2
35411,37633,2
26632,37633,2
21488,37633,2
38825,37633,2
179523,37633,2
38859,37633,2
134882,37633,2
111484,37633,2
179549,37633,2
168146,37633,3
179416,37633,3
133389,37633,3
193128,37633,3
210807,37633,3
147694,37633,3
191106,37633,3
173344,37633,3
167106,37633,3
145748,37633,3
178335,37633,3
101006,37633,3
118687,37633,3
202200,37633,3
168047,37633,3
178640,37633,3
158469,37633,3
179424,37633,3
133454,37633,3
171546,37633,3
2028,37633,2
10487,37633,2
55806,43372,4
173575,55806,2
173567,55806,2
72033,55806,3
98319,55806,3
189332,55806,3
189258,55806,3
127951,55806,3
70417,127084,3
191460,127084,3
108001,127084,3
95000,127084,3
164418,127084,3
125856,127084,3
73494,127084,3
139592,127084,3
39431,28715,5
12853,39431,4
30592,39431,2
181784,39431,2
2036,39431,2
189068,39431,2
137661,39431,3
154997,39431,3
57927,39431,3
83162,39431,3
201483,39431,3
131557,39431,3
98608,39431,3
43539,39431,3
34350,39431,3
141606,39431,3
133090,39431,3
142661,39431,3
20880,39431,2
50617,57562,1
76273,57562,1
106922,57562,1
87593,57562,1
17900,57562,1
88971,57562,1
201871,57562,1
65334,57562,4
110155,57562,4
63842,57562,4
136994,57562,4
112037,57562,4
145979,57562,4
170258,57562,3
21438,57562,3
66472,57562,3
125468,57562,3
44560,57562,3
197780,57562,3
197210,57562,2
26616,57562,2
21412,57562,2
31695,57562,2
62646,57562,2
111658,57562,2
5246,57562,2
72546,57562,2
25199,57562,2
134643,57562,2
10398,57562,2
197368,57562,2
25220,57562,2
21404,57562,2
65110,57562,2
134791,57562,2
197251,57562,2
24371,57562,2
30908,57562,2
197244,57562,2
111633,57562,2
154757,57562,3
111179,57562,3
194985,57562,3
167387,57562,3
165431,57562,3
63248,57562,3
175471,57562,3
195008,57562,3
97295,57562,3
167122,57562,3
105643,57562,3
233874,57562,3
196006,57562,3
159442,57562,3
105627,57562,3
177659,57562,3
136879,57562,3
147744,57562,3
199505,57562,3
199364,57562,3
96628,57562,3
208579,57562,3
196022,57562,3
122556,57562,3
207621,57562,3
117614,57562,3
178319,57562,3
208876,57562,3
178384,57562,3
208686,57562,3
209148,57562,3
234518,57562,3
202986,57562,3
188110,57562,3
194795,57562,3
68767,57562,3
94375,57562,3
109876,57562,3
209171,57562,3
209163,57562,3
165043,57562,3
196980,57562,3
202473,57562,3
202531,57562,3
202267,32324,3
191015,57562,3
202937,57562,3
211342,57562,3
166892,57562,3
208868,32324,3
188508,57562,3
137471,57562,3
196030,57562,3
167007,57562,3
111211,57562,3
134957,57562,3
167015,57562,3
167874,57562,3
109868,57562,3
55350,57562,3
208702,57562,3
208744,57562,3
202283,57562,3
105510,57562,3
189779,57562,3
194977,57562,3
36514,57562,3
208561,57562,3
209551,57562,3
180331,57562,3
161752,57562,3
111716,57562,3
188433,57562,3
194860,57562,3
177956,57562,3
150557,57562,3
177527,57562,3
193821,57562,3
156463,57562,3
194589,57562,3
195081,57562,3
97469,57562,3
92460,57562,3
135020,57562,2
134726,57562,2
134486,57562,2
134635,57562,2
134841,57562,2
137562,57562,2
111476,57562,2
134999,57562,2
134932,57562,2
134700,57562,2
32324,39449,6
81141,57562,4
202036,57562,4
223859,57562,3
232447,57562,3
231068,57562,3
216648,57562,3
164749,57562,3
224105,57562,3
85258,57562,3
57562,32324,5
36491,39449,5
67348,36491,4
60921,36491,4
46862,36491,4
108217,36491,3
74260,36491,2
197186,36491,2
115915,36491,2
91959,36491,2
146993,36491,2
122648,36491,2
197152,36491,2
171371,36491,2
77297,36491,2
183657,36491,2
105270,36491,2
181750,36491,2
146910,36491,3
167379,36491,3
106096,36491,3
123067,36491,3
209338,36491,3
167064,36491,3
183400,36491,3
196303,36491,3
209593,36491,3
196311,36491,3
80622,36491,3
194464,36491,3
168278,36491,3
145755,36491,3
167155,36491,3
225615,36491,3
115303,36491,3
128066,36491,3
104893,36491,3
167965,36491,3
188599,36491,3
172247,36491,3
180513,36491,3
145698,36491,3
235002,36491,3
212076,36491,3
146696,36491,3
200113,36491,3
196329,36491,3
196295,36491,3
123679,36491,3
67132,32780,5
106419,67132,4
137059,67132,4
193177,67132,3
76778,67132,3
158097,67132,3
219618,67132,3
199661,67132,3
125302,67132,3
166157,67132,3
168690,67132,3
207654,67132,3
194241,67132,3
105296,67132,3
99697,67132,3
167171,67132,3
127498,67132,3
105288,67132,3
145953,67132,3
153312,67132,3
96636,67132,3
171769,67132,3
94870,67132,3
149914,67132,3
209742,67132,3
134908,67132,2
102582,67132,2
111609,67132,2
102574,67132,2
65599,67132,2
21569,67132,2
1797,67132,2
187625,67132,2
46607,67132,2
146845,67132,2
146894,67132,2
113985,81950,3
41731,81950,3
81950,37235,5
104182,81950,1
187559,81950,1
195628,81950,1
221044,81950,1
114207,81950,1
118885,81950,1
126540,81950,1
102566,81950,1
126193,81950,1
126797,81950,1
227918,81950,1
103648,81950,1
40865,81950,1
136937,81950,1
220798,81950,1
105908,81950,1
226985,81950,1
221622,81950,1
2167,81950,1
60962,81950,1
40154,81950,3
198747,81950,2
94797,81950,2
134742,81950,2
67694,81950,2
63123,81950,2
94805,81950,2
71407,81950,2
171405,81950,2
51375,81950,2
1878,81950,2
63222,81950,2
44867,81950,2
108787,81950,2
126920,81950,2
60954,81950,2
60301,81950,4
198994,213348,8
140905,65318,2
196527,65318,2
71563,65318,2
168773,65318,2
109579,65318,2
65318,51557,5
52589,65318,3
131516,65318,3
202259,65318,3
112300,65318,3
132506,65318,3
44115,65318,3
159681,65318,3
118216,65318,3
129817,65318,3
230284,65318,3
131623,65318,3
212720,65318,3
74583,65318,3
231126,65318,3
229930,65318,3
135574,65318,3
203935,65318,3
1666,65318,3
200873,65318,3
229153,65318,3
148114,65318,3
94201,65318,3
47522,65318,3
170183,65318,3
147785,65318,3
229591,65318,4
75846,65318,4
57687,65318,4
209916,65318,4
6111,198994,5
132555,213348,8
44446,132555,3
121855,165498,1
134528,165498,1
122127,165498,1
158394,165498,1
102780,165498,1
183558,165498,1
232694,165498,1
121764,165498,1
171629,165498,1
226852,165498,1
177550,165498,1
121806,165498,1
177576,165498,1
134866,165498,1
134825,165498,1
70938,165498,1
177667,165498,1
214239,165498,1
70680,165498,4
96172,165498,4
86082,165498,4
165498,132555,6
58644,165498,1
188615,165498,1
59543,165498,1
106633,165498,1
110882,165498,1
106708,165498,1
214213,165498,1
226159,165498,3
232843,165498,3
188482,165498,3
181990,165498,3
42507,165498,3
231928,165498,3
171751,165498,3
167825,165498,3
181974,165498,3
33744,165498,3
229971,165498,3
229963,165498,3
197699,165498,3
96529,165498,3
124487,165498,3
186536,165498,3
166397,165498,3
174946,165498,3
171660,165498,3
211508,165498,3
177444,165498,3
109447,165498,3
194811,165498,3
211359,165498,3
157990,165498,3
211425,165498,3
165837,165498,4
75622,165498,4
50344,165498,3
84830,165498,3
35144,165498,2
102350,165498,2
78105,165498,2
102798,165498,2
38223,165498,2
35233,165498,2
126938,165498,2
95471,165498,2
14928,165498,2
34889,165498,2
48710,165498,2
18037,165498,2
1048,165498,2
102764,165498,2
20898,177394,4
55566,177394,4
104414,177394,4
177394,132555,6
48629,132555,5
177287,48629,3
110197,48629,3
34546,132555,5
33980,34546,4
208397,34546,3
166090,34546,3
211029,34546,3
195339,34546,3
75697,34546,3
176990,34546,3
49767,34546,3
176354,34546,3
106021,34546,3
140921,34546,3
221085,31491,4
46102,31491,4
112466,31491,3
168443,31491,3
101451,31491,3
95083,31491,3
63883,31491,3
35974,31491,4
230482,31491,3
221705,31491,3
228916,31491,3
177279,31491,3
195230,31491,3
214205,31491,3
31491,132555,5
104273,31491,4
109298,31491,3
194746,31491,3
94680,31491,3
109074,31491,3
135483,31491,3
107300,28715,4
169730,28715,3
75416,28715,3
194829,28715,3
213686,28715,3
198960,34546,4
140566,34546,4
47555,34546,3
74468,34546,3
213280,78436,7
56879,228650,5
76042,56879,4
62869,56879,4
49528,56879,3
145888,56879,3
177683,56879,3
176644,56879,3
47662,56879,3
144014,56879,3
132035,56879,3
156893,56879,3
145912,56879,3
145854,56879,3
67744,56879,3
191130,56879,3
209221,56879,3
193193,56879,3
110999,27379,4
25335,228650,5
231118,25335,3
178871,25335,3
202218,25335,3
31182,25335,3
224873,25335,3
229575,25335,3
120410,25335,3
84152,25335,3
132902,48264,1
212928,48264,1
233296,48264,1
198341,48264,1
211516,48264,1
48264,228650,5
43125,48264,4
104828,48264,3
41087,48264,3
29101,48264,3
102319,48264,3
230870,48264,3
200329,48264,3
233015,48264,3
206219,48264,3
228874,48264,3
198481,48264,3
233023,48264,3
231894,48264,3
227561,48264,3
24486,48264,2
102756,48264,2
92510,48264,2
112128,48264,2
148486,48264,2
96438,48264,2
135210,48264,2
134627,48264,2
51268,48264,2
184523,48264,2
47704,48264,3
45534,48264,3
182485,48264,3
77859,48264,3
8105,48264,3
26242,48264,3
101840,48264,3
19570,48264,3
71951,48264,3
202572,48264,3
74666,228650,5
96305,74666,4
95745,74666,4
131458,74666,3
193359,74666,3
177303,74666,3
179333,74666,3
193409,74666,3
75564,74666,3
169714,74666,3
156760,74666,3
193003,74666,3
145896,74666,3
209205,74666,3
166207,74666,3
56895,228650,5
67447,56895,4
95703,56895,4
15623,56895,3
3333,56895,3
193045,56895,3
233114,56895,3
230326,56895,3
233130,56895,3
80796,56895,3
108282,56895,3
166173,56895,3
193052,56895,3
41897,56895,3
100701,56895,3
188177,56895,3
156851,56895,3
177469,56895,3
79657,56895,3
84814,56895,3
233122,56895,3
233148,56895,3
166181,56895,3
187476,56895,3
96156,56895,3
143966,56895,3
176651,56895,3
233106,56895,3
49510,56895,3
233098,56895,3
177311,56895,3
166116,56895,3
209197,56895,3
27484,56895,3
233999,56895,3
28252,27379,5
62851,28252,4
96784,28252,3
123737,28252,3
78436,213348,8
162198,78436,3
228650,27379,6
115428,228650,3
27379,213348,8
84137,27379,5
207969,84137,3
202176,25335,3
165696,25335,3
207662,25335,3
196758,25335,3
179143,25335,3
133462,25335,3
164541,25335,3
157446,25335,3
106542,25335,3
211763,25335,3
117671,25335,3
189753,62844,1
148544,62844,1
232876,62844,1
233304,62844,1
148536,62844,1
62844,228650,5
21894,62844,4
109686,62844,4
210419,62844,3
123851,62844,3
232363,62844,3
210310,62844,3
37049,62844,3
193029,62844,3
143909,62844,3
179242,62844,3
207571,62844,3
193037,62844,3
232579,62844,3
223792,62844,3
224949,62844,3
21810,62844,3
206367,62844,3
133165,62844,3
132068,62844,3
206391,62844,3
220590,62844,3
179945,62844,3
20856,62844,3
209247,62844,3
210997,62844,3
125518,62844,2
74658,62844,2
48330,62844,2
180737,62844,3
38435,62844,3
26496,62844,3
27361,62844,3
183715,27379,4
42945,228650,5
56887,42945,4
222075,42945,3
206409,42945,3
66159,42945,3
133496,42945,3
220517,42945,3
45476,42945,3
176586,42945,3
212886,42945,3
192864,42945,3
231191,42945,3
177881,42945,3
230532,42945,3
169219,25335,3
195354,25335,3
127266,192120,5
77909,127266,4
131581,213348,8
133066,127266,3
211045,127266,3
195719,127266,3
225854,127266,3
109322,127266,3
37031,127266,3
212977,127266,3
166363,127266,3
95026,127266,3
192070,127266,3
66464,127266,3
186221,127266,3
31158,127266,3
180539,127266,3
63461,127266,3
132498,127266,3
167809,127266,3
36988,127266,3
214577,127266,3
214254,127266,3
31734,127266,3
199513,127266,3
199273,127266,3
211581,127266,3
211060,127266,3
135376,127266,3
210492,127266,3
212852,127266,3
100263,127266,3
72371,127266,3
211078,127266,3
37617,127266,3
18605,127266,3
125724,127266,3
211193,127266,3
207886,127266,3
72512,127266,3
232017,127266,3
195701,127266,3
107771,127266,3
211441,127266,3
31881,127266,3
232140,127266,3
232165,127266,3
232058,127266,3
222562,127266,3
195677,127266,3
234559,127266,3
232132,127266,3
232124,127266,3
211201,127266,3
186148,127266,3
195594,127266,3
218982,127266,3
233312,127266,3
232587,127266,3
211334,127266,3
225300,127266,3
206987,127266,3
189589,127266,3
232033,127266,3
118554,127266,3
211391,127266,3
234781,127266,3
196204,127266,3
232025,127266,3
195545,127266,3
233775,127266,3
228858,127266,3
207597,127266,3
232041,127266,3
195693,127266,3
222042,127266,3
115097,127266,3
27133,127266,4
38045,127266,4
126730,127266,4
131375,192120,5
41640,131375,3
62489,131375,3
195644,131375,3
166017,131375,3
85571,131375,3
69187,131375,3
69179,131375,3
27175,131375,3
168815,131375,3
38655,131375,3
68841,131375,3
198705,131375,3
64477,131375,3
171983,131375,3
195685,131375,3
118943,131375,3
192120,131581,6
33817,131581,6
78386,33817,4
129718,42663,5
72694,129718,4
165308,129718,4
59642,129718,4
81786,129718,4
204289,129718,1
233031,129718,1
195552,129718,1
199398,129718,1
212944,129718,1
125864,129718,3
227512,129718,3
224766,129718,3
69542,129718,3
54924,129718,3
126698,129718,3
229955,129718,3
37780,129718,3
223933,129718,3
199323,129718,3
13142,129718,3
133603,129718,3
59493,129718,3
226928,129718,3
139352,129718,3
150912,129718,3
124321,129718,3
109660,129718,3
38061,129718,3
23202,129718,3
186767,129718,3
147892,129718,3
125633,129718,3
146316,129718,3
99390,129718,3
56846,129718,3
224956,129718,3
123125,129718,3
179812,129718,3
75861,129718,3
223958,129718,3
203406,129718,3
19392,129718,3
78345,129718,3
40220,129718,3
59279,129718,3
43141,129718,3
37489,129718,3
37497,129718,3
108134,129718,3
108142,129718,3
66951,129718,3
27183,129718,3
190538,129718,3
211540,129718,3
194712,129718,3
212951,129718,3
211557,129718,3
179176,129718,3
98921,129718,3
229534,129718,3
233759,129718,3
222497,129718,3
104133,129718,3
196824,129718,3
232108,129718,3
93286,129718,3
85514,129718,3
230631,129718,3
228056,129718,3
64014,129718,3
171785,129718,3
232157,129718,3
232090,129718,3
233320,129718,3
156059,129718,3
233338,129718,3
197558,129718,3
220566,129718,3
232009,129718,3
233346,129718,3
179986,129718,3
233353,129718,3
42515,129718,3
167932,129718,3
211805,129718,3
145847,129718,3
222661,129718,3
196857,129718,3
206516,129718,3
222570,129718,3
232116,129718,3
15908,129718,4
36328,129718,4
38118,129718,4
42663,131581,6
168286,36580,4
160473,36580,4
177964,36580,3
149849,36580,3
212936,36580,3
70292,36580,3
85191,36580,3
106716,36580,3
105791,36580,3
161364,36580,3
230029,36580,3
218453,36580,3
36580,217208,8
51557,61192,6
189670,051557   ,3
196428,051557   ,3
165712,051557   ,3
136226,051557   ,3
201442,051557   ,3
24745,051557   ,3
200691,051557   ,3
45450,051557   ,3
202952,051557   ,3
202028,051557   ,3
137588,051557   ,3
229096,051557   ,4
68262,051557   ,4
61192,211128,8
81836,131581,6
147553,81836,4
64196,81836,4
167239,81836,4
51011,81836,4
96701,81836,4
70573,81836,4
108506,81836,4
109249,81836,4
157362,81836,4
83147,81836,4
131805,81836,3
66282,38419,5
205914,66282,3
179804,66282,3
180323,66282,3
206326,66282,3
124719,66282,3
172569,66282,3
198135,66282,3
210575,66282,3
140004,66282,3
100354,66282,3
196592,66282,3
186783,66282,3
82479,66282,3
180562,66282,3
201335,66282,3
65193,213348,7
210757,65193,3
32772,38419,4
38419,65193,6
234302,38419,3
31344,38419,3
178863,38419,3
215673,38419,3
177857,38419,3
206144,38419,3
215434,38419,3
33231,38419,3
98830,38419,3
139964,38419,3
129130,38419,3
72967,38419,3
92239,38419,3
71399,38419,3
33655,65193,5
60657,33655,4
115345,33655,4
174045,33655,4
157552,33655,3
202101,33655,3
167957,33655,3
209809,33655,3
197921,33655,3
124271,33655,3
159715,33655,3
211235,33655,3
105866,33655,3
83790,33655,3
179929,33655,3
114140,33655,3
197822,33655,3
82487,33655,3
197947,33655,3
201038,33655,3
172270,33655,3
170720,33655,3
197509,33655,3
171330,33655,3
82495,33655,3
105221,33655,3
83519,33655,3
83808,33655,3
196675,33655,3
136911,33655,3
106591,33655,3
65045,33655,3
114058,33655,3
108225,33655,3
201814,33655,3
187971,33655,3
227785,33655,3
128819,33655,3
200261,33655,3
83824,33655,3
210583,33655,3
211110,33655,3
190181,33655,3
178442,33655,3
182014,65201,1
77214,65201,1
136788,65201,1
215897,65201,1
197954,65201,1
171512,65201,1
230102,65201,1
182055,65201,1
215905,65201,1
65201,65193,5
144006,65201,4
83949,65201,4
160408,65201,3
191361,65201,3
129379,65201,3
68049,65201,3
154732,65201,3
112003,65201,3
51938,65201,3
86207,65201,3
38299,65201,3
112136,65201,3
50369,65201,3
33126,65201,3
191478,65201,3
99895,65201,3
111336,65201,3
193391,65201,3
156992,65201,3
180349,65201,3
204958,65201,3
173468,65201,3
141671,65201,3
184226,65201,3
204263,65201,3
198242,65201,3
94763,65201,3
134361,65201,3
203885,65201,3
84897,65201,3
80390,65201,3
198861,65201,3
109637,65201,3
197749,65201,3
177766,65201,3
135194,65201,3
80291,65201,3
105734,65201,3
159723,65201,3
52688,65201,3
144071,65201,3
131797,65201,3
73114,65201,3
67173,65201,3
172924,65201,3
197939,65201,3
177717,65201,3
200535,65201,3
107938,219154,4
13702,219154,3
37405,219154,3
212845,219154,3
10869,219154,3
29460,219154,3
229351,219154,3
219154,81836,5
10518,219154,5
40394,25864,5
59667,40394,4
84764,40394,4
50781,40394,4
196220,40394,3
92585,40394,2
61408,40394,2
38702,40394,2
207316,40394,2
9143,40394,2
10291,40394,2
134973,40394,2
171363,40394,2
183764,40394,2
116004,40394,2
194670,40394,3
213371,40394,3
156901,40394,3
208405,40394,3
188136,40394,3
133884,40394,3
172130,40394,3
172841,40394,3
187310,40394,3
98343,40394,3
152843,40394,3
146860,40394,3
133330,40394,3
109835,40394,3
121582,40394,3
150771,40394,3
194142,40394,3
93856,40394,3
226431,40394,3
194662,40394,3
209106,40394,3
194878,40394,3
127365,40394,3
176065,40394,3
209098,40394,3
131896,40394,3
52761,40394,3
175992,40394,3
183756,40394,3
171819,40394,3
234567,40394,2
165266,40394,2
153668,40394,2
47688,40394,2
233791,40394,2
117010,40394,2
208462,40394,2
193458,40394,2
60723,40394,2
151100,40394,2
47431,40394,2
22298,40394,4
72611,40394,3
137703,40394,2
196345,40394,2
159160,40394,2
127837,40394,2
107623,40394,2
233361,40394,2
222778,40394,2
234328,40394,2
148478,40394,2
118273,40394,2
116780,79756,3
79756,16514,5
164426,79756,3
101329,79756,2
104356,79756,2
80283,79756,3
145821,40584,4
157206,40584,4
187518,40584,4
139782,40584,3
122481,40584,3
39415,40584,3
92312,40584,3
45252,40584,3
133751,40584,3
46474,40584,3
224501,40584,3
57000,40584,3
101295,40584,3
43810,40584,3
213538,40584,3
158543,40584,3
44859,40584,3
200055,40584,3
228635,40584,3
228965,40584,3
51607,40584,3
151134,40584,3
228627,40584,3
151431,40584,3
134023,40584,3
63172,40584,2
72769,40584,2
102673,40584,2
74237,40584,2
67322,40584,2
66209,40584,2
60533,40584,2
29428,40584,2
116111,40584,2
134544,40584,2
146878,40584,2
154609,40584,2
172601,40584,3
210625,40584,3
196048,40584,3
40584,25864,6
25301,644,4
28228,644,4
165522,644,4
148932,644,4
131821,644,4
45559,644,4
33621,644,4
125807,644,4
131946,644,4
214619,644,4
173419,644,4
198424,644,4
71712,644,4
35990,644,4
41053,644,4
153957,644,4
97212,644,4
79285,644,4
58859,644,4
217109,644,4
117598,644,5
15576,644,5
52308,42010,1
60798,42010,1
42010,59113,5
201764,42010,4
158055,42010,4
41996,42010,4
173047,42010,3
192047,42010,2
42002,42010,3
157255,42010,3
132837,42010,3
32976,42010,3
62091,42010,3
59840,42010,3
165910,42010,3
156976,42010,3
26446,42010,3
208652,42010,3
9444,14350,1
14350,59113,5
63552,14350,4
63602,14350,4
76588,14350,3
172395,14350,3
180760,14350,3
127316,14350,3
231563,14350,3
67421,14350,3
112110,14350,3
175521,14350,3
169102,14350,3
102269,14350,4
115477,14350,2
61044,14350,2
231795,14350,2
139725,14350,2
105601,14350,2
210864,14350,2
175547,14350,3
15827,14350,3
117531,14350,3
211854,14350,3
169979,14350,3
50450,14350,3
18809,14350,3
203216,14350,3
198804,14350,3
9452,14350,2
129205,14350,2
107482,69633,3
227348,69633,3
210146,69633,1
140996,69633,1
233387,69633,1
188862,69633,1
167270,69633,1
209379,69633,1
231951,69633,1
222760,69633,1
69633,156612,5
94409,69633,4
232397,69633,3
228270,69633,3
146258,69633,3
226613,69633,3
77727,69633,3
110049,69633,3
108605,69633,3
111591,69633,3
41178,69633,3
226647,69633,3
118133,69633,3
202085,69633,3
194449,69633,3
180612,69633,3
235044,69633,3
127407,69633,3
165332,69633,3
126425,69633,3
59824,69633,3
164616,69633,3
202978,69633,3
51896,69633,3
133967,69633,3
195636,69633,3
101220,69633,3
119065,69633,3
52753,69633,3
211862,69633,3
188540,69633,3
233569,69633,3
199638,69633,3
201079,69633,3
230623,69633,3
55988,69633,3
168781,69633,3
194373,69633,3
194092,69633,3
211037,69633,3
226183,69633,3
223974,69633,3
24339,69633,3
165738,69633,3
120568,69633,3
204297,69633,3
198515,69633,3
188870,69633,3
94433,69633,3
172064,69633,3
172999,69633,3
191197,69633,3
172981,69633,3
187997,69633,3
111948,69633,3
230755,69633,3
169516,69633,3
98731,69633,3
224113,69633,3
177568,69633,3
178608,69633,3
46227,69633,3
45724,69633,3
15835,69633,3
45658,69633,3
59618,69633,3
46201,69633,3
230417,69633,3
127159,69633,3
173864,69633,3
234575,69633,3
68189,69633,3
133553,69633,3
139774,69633,2
76927,69633,2
146340,69633,2
101782,69633,2
109736,69633,2
111385,69633,2
215152,69633,2
215665,69633,2
73049,69633,2
84889,69633,2
197137,69633,2
85159,69633,2
77719,69633,2
227983,69633,3
51995,69633,3
103440,69633,3
123646,69633,3
121392,69633,3
102335,69633,3
120600,69633,3
77263,69633,3
118331,69633,3
222604,69633,3
228262,69633,3
158535,69633,3
224071,69633,3
112102,69633,2
115980,69633,2
129197,69633,2
122234,69633,2
122002,69633,2
129346,69633,2
134809,69633,2
115840,69633,2
134858,69633,2
111518,69633,2
129304,69633,2
74021,69633,2
8058,69633,4
95604,108449,5
112714,95604,4
37625,95604,3
70557,95604,3
202234,95604,3
228890,95604,3
193714,95604,3
234989,95604,3
98392,95604,3
189563,95604,3
233809,95604,3
75986,95604,2
55715,95604,2
36637,95604,2
183681,95604,2
111617,95604,2
42259,95604,2
188748,95604,3
178905,95604,3
226167,95604,3
167635,40550,3
28537,40550,4
44008,40550,2
1111,40550,2
209254,40550,3
84749,40550,3
231159,40550,3
109793,40550,4
112599,40550,3
205872,40550,3
118752,40550,3
194175,40550,3
118844,40550,3
120741,40550,3
109777,40550,3
232553,40550,3
120675,40550,3
40550,40584,5
198275,40550,3
229179,40550,3
197376,40550,2
158493,40550,2
197343,40550,2
210849,40550,2
197236,40550,2
209130,40550,3
208595,40550,3
43133,40550,3
208538,40550,3
221804,40550,3
168260,40550,3
194506,40550,3
122721,57885,4
213611,57885,3
214007,57885,3
115493,57885,3
212787,57885,3
206698,57885,3
213512,57885,3
112516,57885,3
196964,57885,3
77248,26886,3
49361,26886,3
136341,26886,3
71738,26886,3
26886,644,6
58131,26886,1
48678,26886,1
45096,26886,1
48546,26886,4
96313,26886,4
124883,26886,4
147462,26886,4
82164,26886,4
60772,26886,4
208959,26886,3
124610,26886,3
153114,26886,3
206318,26886,3
146506,26886,3
166413,26886,3
178947,26886,3
210427,26886,3
169870,26886,3
109454,26886,3
51847,26886,3
169193,26886,3
194183,26886,3
228007,26886,3
234930,26886,3
57513,26886,3
15128,26886,3
138990,26886,3
127746,26886,3
27400,26886,3
35110,26886,3
187286,26886,3
45732,26886,3
172767,26886,3
186494,26886,3
199646,26886,3
111781,26886,3
104190,26886,3
102400,26886,3
32918,26886,3
146266,26886,3
187989,26886,3
29208,26886,3
179366,26886,3
57117,26886,2
74195,26886,2
101394,26886,2
54908,26886,2
102848,26886,2
80341,26886,2
39766,26886,2
207373,26886,2
47134,26886,2
81968,26886,2
68759,26886,2
210070,26886,2
55780,26886,2
55558,26886,2
32950,26886,2
141135,26886,3
195966,26886,3
71290,26886,3
178806,26886,3
178848,26886,3
194191,26886,3
132514,26886,3
99028,26886,3
187294,26886,3
210203,26886,3
158808,26886,3
30869,26886,2
2230,57885,1
57885,39449,5
131235,57885,4
120071,57885,4
76802,57885,3
22400,57885,3
179226,57885,3
173229,57885,3
55186,57885,3
146498,57885,3
146662,57885,3
179077,57885,3
92528,57885,3
47118,57885,3
19279,57885,3
234948,57885,3
18370,57885,3
20848,57885,3
39708,57885,3
31718,57885,3
206706,57885,3
34342,57885,3
63792,57885,3
102459,57885,2
189472,57885,2
52811,57885,2
204545,57885,2
209403,57885,2
170373,57885,2
179275,57885,2
134692,57885,2
111567,57885,2
197194,57885,2
122267,57885,2
50997,57885,2
45328,57885,2
146043,57885,3
67231,57885,3
202887,57885,3
226811,57885,3
211474,57885,3
200717,57885,3
145946,57885,3
226423,57885,3
190009,57885,3
187633,57885,3
226340,57885,3
199356,57885,3
40030,19449,5
130922,40030,4
203174,40030,3
134320,40030,3
122333,40030,3
216119,40030,3
102178,40030,3
163006,40030,3
147645,40030,3
44909,40030,3
146217,40030,3
177741,40030,3
45344,40030,2
111625,40030,2
84467,40030,2
171280,40030,2
105486,40030,2
116723,40030,3
194597,40030,3
225797,40030,3
179705,40030,3
166256,40030,3
215178,40030,3
230300,40030,3
208439,40030,4
28715,16077,6
42655,028715,4
74781,028715,4
75119,028715,4
51664,028715,3
225839,028715,3
200345,028715,3
111526,028715,3
44065,028715,3
213801,028715,3
211888,028715,3
56978,028715,3
189324,028715,3
38671,028715,3
41574,028715,3
207415,028715,3
217448,028715,3
80465,028715,3
224832,028715,3
45369,028715,2
124131,028715,2
58164,028715,2
39855,028715,2
58149,028715,2
102533,028715,2
124446,028715,2
31912,028715,2
18388,028715,2
45708,028715,2
69583,028715,2
86066,028715,2
197160,028715,2
177840,028715,3
175786,028715,3
202895,028715,3
217646,028715,3
196014,028715,3
177014,028715,3
221986,028715,3
192013,028715,3
122622,028715,3
198416,028715,3
199539,028715,3
11263,028715,2
70227,028715,2
129312,028715,2
76554,028715,2
45542,028715,2
57026,028715,2
211730,25369,1
79608,25369,1
112896,25369,1
169391,25369,1
207100,25369,1
104737,25369,1
83907,25369,1
25369,016077,5
113449,25369,4
73528,25369,4
67215,25369,4
77818,25369,3
65656,25369,3
200105,25369,3
30990,25369,3
199919,25369,3
207589,25369,3
46276,25369,3
68304,25369,3
58016,25369,3
59311,25369,3
95562,25369,3
75887,25369,2
73825,25369,2
83881,25369,2
154575,25369,2
207357,25369,2
207290,25369,2
94995,25369,2
73817,25369,2
116103,25369,2
112508,25369,2
75994,25369,2
104471,25369,2
200022,25369,2
183525,25369,2
111435,25369,2
32764,25369,2
41251,25369,2
113845,25369,3
178673,25369,3
152447,25369,3
190199,25369,3
166827,25369,3
101857,25369,3
222745,25369,3
167205,25369,3
154104,25369,3
195974,25369,3
209056,25369,3
73833,25369,2
40667,25369,2
46292,25369,2
30712,25369,2
14481,25369,2
44073,25369,2
45641,25369,2
75895,25369,2
74211,25369,2
68312,25369,2
15869,25369,2
58222,25369,2
51839,32780,5
61309,51839,4
37023,51839,3
69526,51839,3
71084,51839,3
213181,51839,3
186577,51839,3
178525,51839,3
185785,51839,3
127126,51839,3
170969,51839,3
22832,51839,2
102525,51839,2
83980,51839,2
197087,51839,2
46144,51839,2
100321,51839,2
181602,51839,2
210500,51839,3
230003,51839,3
133983,51839,3
212811,51839,3
136986,51839,3
61127,51839,2
134734,51839,2
42267,51839,2
57554,108449,5
44255,57554,3
32366,57554,3
183640,57554,3
210773,57554,3
68544,57554,3
229906,57554,3
52779,57554,3
49973,57554,3
55889,57554,3
201830,57554,3
32285,57554,3
158014,57554,3
48637,57554,3
103424,57554,3
26543,57554,3
222018,57554,3
115964,57554,3
80440,57554,2
61556,57554,2
198234,57554,2
40659,57554,2
79921,57554,2
169425,57554,2
113704,57554,2
63677,57554,2
177436,57554,2
197095,57554,2
208363,57554,2
225284,57554,2
43208,57554,2
55327,57554,2
121483,57554,2
139436,57554,2
121863,57554,2
122143,57554,2
197228,57554,2
121970,57554,2
139527,57554,2
27191,57554,2
179556,57554,2
197400,57554,2
67462,57554,2
82727,57554,2
90860,57554,2
167742,57554,2
24509,57554,2
50351,57554,2
181867,57554,2
43224,57554,2
169334,57554,2
122093,57554,2
113712,57554,2
49650,38419,5
211417,49650,3
186668,49650,3
211409,49650,3
159566,49650,3
102327,49650,3
18477,76844,1
76844,28618,5
201277,76844,3
83030,76844,3
231878,76844,3
77693,76844,3
69104,76844,3
158295,76844,3
74302,76844,3
83097,76844,3
199430,76844,3
139501,76844,3
77198,76844,3
122358,76844,3
158253,76844,3
32502,76844,3
102509,76844,3
125120,76844,3
157800,76844,3
151357,76844,3
78113,76844,3
134650,76844,2
183665,76844,2
44388,76844,2
165001,76844,3
66134,76844,3
224550,76844,3
168211,76844,3
209452,76844,3
64808,76844,2
134502,76844,2
30348,26886,5
64188,30348,4
114009,30348,3
195032,30348,3
211433,30348,3
179853,30348,3
165787,30348,3
64790,30348,3
62919,30348,3
118307,30348,3
68379,30348,3
49437,30348,3
198069,30348,3
44933,30348,3
211177,30348,3
172106,30348,3
197103,30348,2
200030,30348,2
83261,30348,2
75929,30348,2
171421,30348,2
171413,30348,2
60277,30348,2
233858,30348,2
105437,30348,2
189118,30348,2
200816,30348,2
160580,30348,3
190520,30348,3
208611,30348,3
212910,30348,3
195065,30348,3
198853,30348,3
97337,30348,3
230805,30348,3
115931,30348,2
46839,59113,6
81406,46839,1
66431,46839,4
169128,46839,4
65748,46839,3
58214,46839,3
67702,46839,3
165472,46839,3
52274,46839,3
38786,46839,3
181040,46839,3
65094,46839,3
92015,46839,3
135186,46839,3
146134,46839,3
72926,46839,3
195040,46839,3
199554,46839,3
169573,46839,3
134312,46839,3
136762,46839,3
65839,46839,2
194431,46839,2
73692,46839,2
96362,46839,2
74229,46839,2
135004,46839,2
29062,46839,2
70094,46839,2
68890,46839,2
122028,46839,2
194803,46839,3
187641,46839,3
167213,46839,3
129619,46839,3
205997,46839,3
187922,46839,3
206854,46839,3
179820,46839,3
206953,46839,3
172312,46839,3
190637,46839,3
64204,019449 ,5
226118,64204,3
30835,64204,3
170688,64204,3
28016,64204,3
163055,64204,3
179671,64204,3
190983,64204,3
178582,64204,3
157859,64204,3
151449,64204,3
75788,64204,2
71944,64204,2
146449,64204,2
227850,64204,3
138370,64204,3
226860,64204,3
161943,64204,3
169532,64204,3
175604,64204,4
128256,39473,1
39473,59113,5
157438,39473,4
98657,39473,4
45161,39473,3
199471,39473,3
229328,39473,3
213223,39473,3
217281,39473,3
127076,39473,3
215236,39473,3
197541,39473,3
193995,39473,3
233627,39473,3
233536,39473,3
199281,39473,3
233643,39473,3
61226,39473,2
31475,39473,2
104521,39473,2
68387,39473,2
138701,39473,2
35746,39473,2
177071,39473,3
210104,39473,3
178830,39473,3
221994,39473,3
128231,39473,3
133181,39473,3
210302,39473,3
210153,39473,3
209015,39473,3
200543,39473,3
134718,39473,2
43521,39473,2
122259,39473,2
51888,019449,5
64048,019449,4
32984,019449,3
193664,019449,3
195214,019449,3
195404,019449,3
83345,019449,3
51565,019449,2
104364,019449,3
117127,019449,3
206482,019449,3
203166,019449,4
208884,67132,3
209072,67132,3
209155,67132,3
96537,76844,4
189076,76844,2
25521,76844,3
51870,20301,4
112979,20301,3
98509,20301,3
207449,20301,1
210617,20301,1
133793,20301,3
71779,20301,3
82925,20301,2
158428,20301,2
82230,20301,3
168294,20301,3
169698,20301,3
208355,20301,3
220277,20301,2
190835,20301,2
130823,20301,3
186163,20301,3
130203,229633,9
223552,229633,9
164152,229633,6
230557,229633,6
133025,93435,3
118349,93435,4
188839,66027,1
66027,152553,5
48207,66027,3
107821,66027,3
152553,228593,6
55863,226407,5
199372,55863,3
234195,55863,3
212795,55863,3
143743,55863,4
226407,233528,8
36093,228593,6
140152,36093,3
86488,36093,5
86694,86488,3
86496,86488,3
86504,86488,3
86512,86488,3
135095,84236,4
84236,83113,5
233080,84236,1
229617,84236,1
160358,84236,2
74930,84236,2
228346,84236,1
186957,84236,1
40808,84236,2
74914,84236,2
124115,84236,2
198366,84236,1
158972,84236,2
85910,84236,2
203109,84236,1
74559,84236,2
200196,84236,1
159079,84236,2
217562,84236,1
43083,84236,1
57695,84236,1
48447,84236,2
85936,84236,2
223867,84236,1
189704,84236,1
196519,84236,1
166041,84236,2
109744,84236,2
117515,84236,2
109363,84236,2
232645,84236,1
234971,84236,1
189803,84236,1
34902,84236,1
172098,84236,2
138727,84236,2
224162,84236,1
234955,84236,1
227157,84236,1
195560,84236,1
135566,84236,2
85928,84236,2
201244,84236,1
206789,84236,1
47423,84236,2
148320,84236,2
213306,84236,1
109959,84236,1
216101,84236,1
222646,84236,1
172346,84236,2
56986,84236,2
216267,84236,1
110015,84236,1
203026,84236,1
188268,84236,1
229344,84236,1
99952,84236,2
172056,84236,2
112656,84236,2
200212,84236,1
66548,84236,1
124289,84236,2
233601,84236,1
211490,84236,1
99978,84236,2
227140,84236,1
45583,84236,2
73221,84236,2
36182,84236,2
112235,84236,2
56721,84236,1
223966,84236,1
200204,84236,1
223826,84236,1
232652,84236,1
191841,84236,1
198754,84236,1
184788,84236,1
41566,84236,2
39902,84236,2
38540,84236,1
213314,84236,1
49882,84236,2
111872,84236,2
204123,84236,1
233411,84236,1
165746,84236,2
170084,84236,1
190785,84236,1
203125,84236,1
206532,84236,1
223941,84236,1
44768,84236,1
188193,84236,1
232678,84236,1
184218,84236,1
43158,84236,4
30500,84236,4
52399,83113,5
170159,52399,3
233585,52399,3
136960,52399,3
106666,52399,3
221036,52399,3
208801,52399,3
111328,52399,3
184317,52399,3
170738,52399,3
168765,52399,4
191825,36093,1
213678,36093,1
184267,36093,1
201947,36093,1
154005,36093,1
119255,36093,1
207282,36093,1
227553,36093,1
225367,36093,1
77925,36093,1
230292,36093,1
176529,36093,1
37201,36093,1
79582,36093,1
73460,36093,1
218446,36093,1
39805,36093,1
77743,36093,1
46284,36093,1
203612,36093,1
74823,36093,1
56713,36093,1
73452,36093,1
203158,36093,1
32015,36093,1
33809,36093,1
179861,36093,1
69799,36093,1
169938,36093,1
228320,36093,1
56697,36093,1
45021,36093,4
24101,36093,4
180018,23977,6
31247,180018,5
97352,31247,4
233908,31247,3
206631,31247,3
214262,31247,3
193946,31247,3
233676,31247,3
233221,31247,3
228023,31247,3
233882,31247,3
194399,31247,3
194415,31247,3
207068,31247,3
230268,31247,3
43703,31247,3
213645,31247,3
232827,31247,3
210393,31247,3
201178,31247,3
230391,31247,3
231605,31247,3
193920,31247,3
233890,31247,3
113258,31247,3
200865,31247,3
232819,31247,3
195453,31247,3
218909,31247,3
58172,31247,3
213660,31247,3
233817,31247,3
111799,31247,3
108183,31247,3
118323,31247,3
81448,31247,3
160143,31247,3
75614,31247,3
177253,31247,3
72934,31247,4
62760,31247,4
179978,180018,5
226092,180018,5
206540,226092,3
227074,226092,3
230714,226092,3
100057,226092,3
186551,226092,4
46086,226092,4
226498,226092,4
194282,226092,4
214643,226092,4
49296,226092,4
228031,226092,4
183772,226092,4
187245,180018,5
227017,187245,3
224907,187245,3
201863,187245,3
209973,187245,3
211938,187245,3
217430,187245,3
225391,187245,3
186528,187245,3
159251,187245,3
226506,187245,3
123034,187245,4
189365,78501,1
201749,78501,3
148445,78501,3
120493,228593,5
194308,120493,3
155507,120493,3
195610,120493,3
124651,120493,4
169243,120493,4
136234,120493,4
35479,106617,1
175240,106617,1
25709,106617,1
88930,106617,1
197004,106617,1
160275,106617,1
68460,106617,1
106617,228593,5
86181,106617,3
117234,106617,3
226449,106617,3
234799,106617,3
226126,106617,3
227124,106617,3
107805,106617,4
107904,106617,4
165464,106617,4
78501,228593,5
46193,78501,3
227546,78501,3
36108,78501,3
155473,78501,4
43489,78501,4
136697,78501,4
73742,78501,4
112219,78501,4
148080,78501,4
129478,139923,6
206862,129478,3
94342,129478,3
203893,129478,3
104158,129478,3
49726,129478,3
139923,213348,8
52431,129478   ,3
192146,129478   ,2
112581,129478   ,3
109389,129478   ,2
188086,129478   ,2
101758,129478   ,2
80523,129478   ,2
52035,129478   ,2
59568,129478   ,2
80556,129478   ,2
73627,129478   ,3
64584,129478   ,3
224154,129478   ,3
228866,129478   ,3
8189,129478   ,5
215038,129478   ,5
136887,129478   ,4
48835,129478   ,4
48801,129478   ,4
108746,129478   ,4
116459,129478   ,4
222992,129478,3
224121,129478,3
233197,129478,3
45005,129478,5
230011,215954,2
167940,215954,2
175737,215954,2
184291,215954,2
211466,215954,2
37421,215954,2
174193,215954,2
175141,215954,2
38095,215954,2
160788,215954,2
125765,215954,2
190116,215954,2
191809,215954,2
170142,215954,2
223784,215954,2
226902,215954,2
191783,215954,2
192005,215954,2
127217,215954,3
137646,215954,3
50203,215954,3
170134,215954,2
83469,215954,2
66175,215954,3
137893,215954,2
232561,215954,2
215954,129478,5
17706,215954,5
52050,215954,4
16946,215954,4
82503,215954,4
225938,215954,4
230110,215954,4
55400,215954,4
112748,215954,4
228593,49684,8
211524,143958,3
224881,143958,3
143958,198994,5
135954,143958,3
49825,223602 ,4
52746,223602 ,5
32293,52746,3
227736,52746,3
32120,52746,3
32675,52746,3
13273,52746,3
100891,52746,3
35314,52746,3
231142,52746,3
70144,52746,3
75663,223602 ,5
131037,75663,3
130641,75663,3
173039,75663,3
214890,75663,3
228833,50179,5
50179,223602,7
160416,50179,5
155234,50179,3
72645,50179,4
211623,211128,6
39570,211623,3
152124,211623,3
79129,211623,3
28985,211623,3
233544,211623,4
46953,98566,5
39350,46953,3
165928,46953,3
9321,46953,3
225862,46953,3
116756,46953,3
231860,46953,3
212746,46953,3
229625,46953,3
229187,46953,3
168401,46953,3
206771,46953,3
174086,46953,3
158733,46953,3
98178,46953,3
16718,46953,3
231902,46953,3
21446,46953,3
7599,46953,3
171967,46953,3
206169,46953,3
45591,46953,3
226936,46953,3
39499,46953,3
226472,46953,3
227058,46953,3
78618,46953,3
74757,46953,3
70698,46953,3
77685,46953,4
59188,46953,4
70706,98566,5
231910,70706,3
201939,70706,3
76604,70706,3
230656,70706,3
63354,70706,3
118372,70706,3
230888,70706,3
230334,70706,3
213397,70706,3
121335,70706,3
230243,70706,3
230524,70706,3
166421,70706,3
54890,70706,3
211003,70706,3
168138,70706,3
230409,70706,3
193425,70706,3
109082,70706,3
228643,70706,3
227322,70706,3
22395,70706,3
36645,70706,3
199869,70706,3
125757,70706,3
81414,70706,3
35259,70706,3
232835,70706,3
35796,70706,3
227108,70706,3
226134,70706,3
80101,70706,3
85274,70706,3
78162,70706,4
78642,70706,4
209478,76976,3
228304,76976,3
218586,76976,3
171314,098566   ,3
106336,098566   ,3
223875,098566   ,3
225342,098566   ,3
7507,098566   ,3
79624,098566   ,3
224212,098566   ,3
34596,098566   ,3
204578,098566   ,3
191205,098566   ,3
16093,098566   ,3
197012,098566   ,3
213405,098566   ,3
36726,098566   ,3
153700,098566   ,3
22337,098566   ,3
81224,098566   ,3
32667,098566   ,4
28121,098566   ,4
159343,098566   ,4
3553,211128,5
115451,211128,5
170712,115451,3
81315,115451,3
165894,115451,3
224899,115451,3
167890,115451,3
209502,115451,3
154724,115451,3
165480,115451,3
51797,115451,3
154138,115451,3
162016,115451,3
111765,115451,3
103119,115451,3
105957,115451,3
34619,115451,3
80093,115451,3
58628,115451,5
17146,115451,4
82685,223602,3
223602,211128,9
98566,211128,6
68668,223602,5
204594,68668,4
67009,68668,5
96834,223602,5
29981,98566,5
226324,29981,3
224451,29981,3
184465,29981,3
233742,29981,3
67371,98566,5
152462,67371,3
131409,67371,3
118661,67371,3
40055,67371,4
28626,211128,5
156638,28626,3
173401,28626,3
63891,28626,4
23252,36629,4
51425,36629,4
85472,36629,4
36629,223602,5
194159,36629,1
46870,36629,3
169094,36629,3
13639,36629,3
70714,36629,3
169292,36629,3
77701,36629,3
174557,36629,3
38605,36629,3
40238,36629,3
36679,36629,3
67595,36629,3
83550,36629,3
101832,36629,3
48561,36629,3
233270,36629,3
127860,36629,3
18558,36629,3
71860,36629,4
26111,36629,4
78097,23359,5
109041,78097,4
140590,78097,4
188409,78097,3
175257,78097,3
234583,78097,3
129171,78097,3
29494,78097,3
224865,78097,3
198002,78097,3
160481,78097,3
40691,78097,3
84699,78097,3
107581,78097,3
18493,78097,3
209874,78097,3
189415,78097,3
107631,78097,3
148379,78097,3
101790,78097,3
25979,23359,5
63289,25979,3
60046,25979,3
52175,25979,4
23359,211128,6
65581,211128,5
19481,65581,4
226068,65581,3
169136,65581,3
163840,65581,3
222190,65581,3
190611,65581,3
199562,65581,3
14758,65581,3
55582,65581,3
170092,65581,3
213413,65581,3
162461,65581,3
147801,65581,3
18045,65581,3
66449,65581,3
158154,65581,3
227504,65581,3
207464,65581,3
206136,65581,3
44552,65581,3
213389,65581,3
210401,65581,3
16603,65581,3
58685,65581,3
179770,65581,3
168062,65581,3
188078,65581,3
210534,65581,3
149492,65581,3
194456,65581,3
135384,65581,3
41442,65581,3
117523,65581,3
169383,65581,3
178798,65581,3
171611,65581,3
198333,65581,3
215863,65581,3
103184,65581,3
171587,65581,3
174672,65581,3
206581,65581,3
165936,65581,3
199836,65581,3
18516,65581,3
111807,65581,3
49460,65581,3
51177,65581,3
147876,65581,3
148825,65581,3
30479,65581,4
107912,65581,4
120584,65581,4
232504,217034,3
199695,217034,4
217034,106278,6
143339,217034,3
214627,217034,4
231175,217034,4
30047,106278,6
126904,30047,3
132027,30047,3
174912,30047,3
162412,30047,3
153064,30047,3
194688,30047,3
106401,30047,3
136739,30047,3
27345,30047,3
71886,30047,3
174870,30047,3
125039,30047,3
51821,30047,3
30071,30047,3
101600,30047,3
233593,30047,5
112292,30047,4
223701,106278,6
70045,223701,4
227728,223701,4
169177,223701,4
214338,223701,4
106278,54585,8
218891,54585,4
230680,106278,4
227777,106278,4
84707,54585,7
58388,84707,4
80119,54585,7
230748,84707,3
6569,84707,6
229658,84707,5
226043,84707,5
191452,84707,5
227033,84707,5
232488,84707,5
62596,84707,5
17659,84707,5
222083,74864,3
69278,74864,3
234997,74864,3
71803,74864,4
74864,61192,5
219360,74864,3
21836,74864,3
107649,74864,3
229583,61192,5
221325,61192,5
93096,229583,3
65136,221325,3
122655,229583,3
45955,229583,3
210336,229583,3
230649,229583,3
109132,229583,3
211789,229583,3
49163,221325,3
81679,229583,4
100909,61192,5
51029,51557,5
187963,51029,3
160507,51029,3
147942,51029,3
28919,51029,3
191189,51029,3
179259,51029,3
209585,124230,4
139576,124230,4
124230,152421,6
214544,124230,6
214817,124230,5
82354,124230,5
233528,213348,10
59600,153452,4
156612,213348,7
108449,37235,7
191163,161786,11
49684,213348,11
161786,96560,12
65250,232496,5
214015,96560,11
213348,161786,11
165639,5076,12
37235,213348,8
96560,5076,12
233981,152421,10
152421,96560,12
227751,96560,12
3642,233528,9
6593,57398,9
41715,96560,8
211128,152421,11
164806,232496,4
222174,232496,4
229633,161786,11
219006,161786,11
65367,213348,8
20301,37235,5
228908,76976,2
137414,76976,4
76976,217208,6
159095,76976,3
44636,76976,3
233247,76976,3
172957,76976,3
180570,76976,3
224527,76976,3
85753,76976,3
212639,217208,8
210252,227025,5
217208,96560,11
169508,173013,4
103960,173013,3
170977,173013,5
189027,178533,6
58354,189027,5
178533,96560,10
206573,178533,3
185777,178533,4
166165,178533,5
46128,36093,1
165761,49684,3
190652,49684,3
79905,49684,4
101196,49684,4
98350,49684,4
34,49684,4
214601,49684,4
191924,49684,4
164798,49684,4
98780,49684,4
115071,49684,4
35160,49684,4
148973,227751,6
188722,161893,3
142794,148973,3
233825,227751,3
85316,148973,5
227025,5076,6
80002,227025,4
229674,227025,4
113787,227751,6
79467,113787,5
94748,113787,5
220426,113787,5
213934,113787,3
229898,113787,5
51581,227751,4
130617,227751,6
189969,229062,5
225953,229062,3
208421,219006,5
174300,219006,7
215020,174300,5
106120,227751,5
161893,227751,7
190066,161893,4
99945,161893,5
185942,161893,5
48983,161893,5
205922,161893,3
101592,161893,3
108670,74526,5
29826,74526,5
211318,29826,3
74526,161786,7
163873,82826,4
82826,74526,6
25864,16077,7
25602,59113,6
43372,16077,7
32780,644,7
644,16514,8
23422,644,5
25424,644,5
16514,161786,11
113423,644,3
228668,644,4
200006,644,3
34449,644,3
161059,644,3
19229,644,3
194217,644,3
50526,644,3
80150,25092,6
198838,25351,3
25351,644,6
44479,43463,4
107870,43463,4
20335,43463,5
43463,16514,6
44263,43463,4
117879,76620,4
76620,25092,5
25092,16514,7
211268,25092,5
46706,25092,5
40519,16077,6
59113,16514,8
39449,644,7
19449,59113,7
59550,644,6
105825,59113,6
61812,16077,6
226217,59113,6
16077,16514,8
234088,25351,3
234401,25351,3
234393,25351,3
234351,25351,3
234054,25351,3
234336,25351,3
234047,25351,3
234435,25351,3
235424,25351,3
234385,25351,3
234427,25351,3
234039,25351,3
234369,25351,3
234187,25351,3
234260,25351,3
129148,25351,3
210658,25351,2
233692,25351,2
210930,25351,2
63750,25351,2
66191,25351,2
107425,25351,2
232702,25351,3
232264,25351,3
232280,25351,3
232918,25351,3
232207,25351,3
233445,25351,3
232710,25351,3
233635,25351,3
233460,25351,3
233478,25351,3
234237,25351,3
233486,25351,3
232314,25351,3
212712,25351,3
232926,25351,3
232249,25351,3
232959,25351,3
233684,25351,3
232934,25351,3
234500,25351,3
234377,25351,3
232223,25351,3
232942,25351,3
234021,25351,3
232439,25351,3
208660,25351,3
204628,25351,3
232991,25351,3
233650,25351,3
232215,25351,3
233072,25351,3
233833,25351,3
233866,25351,3
232181,25351,3
234229,25351,3
233502,25351,3
232322,25351,3
232850,25351,3
234096,25351,3
233064,25351,3
232413,25351,3
232900,25351,3
232256,25351,3
225417,116517,2
199299,116517,2
126532,116517,2
173880,116517,3
220293,116517,3
167247,116517,3
235028,116517,3
196352,116517,3
121848,116517,2
178616,116517,1
220806,116517,1
112565,678,4
678,105163,5
23309,678,4
170571,678,3
97196,678,3
166884,678,3
105163,229997,6
225425,105163,3
224972,105163,3
34067,105163,3
170126,105163,3
160713,105163,3
48066,105163,4
233767,229997,6
214320,233767,5
222109,214320,3
224964,214320,4
220814,214320,4
226381,214320,4
229997,191163,8
121657,233767   ,3
217257,233767   ,3
42283,233767   ,3
226191,233767   ,3
229641,233767   ,3
226795,233767   ,3
215129,233767   ,4
122549,233767,5
197335,122549,3
226787,122549,3
226415,122549,3
213652,122549,4
142901,122549,4
222067,11360,3
22581,11360,3
108928,11360,3
11360,105163,5
153254,227439,5
222687,153254,3
122838,153254,4
227439,191163,8
151365,91058,2
91058,767,5
116087,91058,3
75796,91058,3
49643,91058,3
71498,91058,3
29779,91058,3
52894,91058,3
24127,91058,3
49130,91058,3
181958,91058,3
131664,91058,3
227603,91058,3
59527,91058,3
185769,91058,3
150649,91058,3
23804,91058,3
180547,91058,3
231589,91058,3
33786,91058,3
133041,91058,3
83725,91058,3
150417,91058,3
214189,91058,3
225003,91058,3
49445,91058,3
34415,91058,3
86199,91058,3
131383,91058,3
169912,91058,3
165878,91058,3
225029,91058,3
49452,91058,3
159657,91058,3
230367,91058,3
137307,91058,3
137299,91058,3
195016,91058,3
45500,91058,3
40188,91058,3
150409,91058,3
143982,91058,3
22955,91058,3
35534,91058,3
41400,91058,3
30128,91058,3
9054,91058,3
149807,91058,3
158774,91058,3
149831,91058,3
979,91058,3
19708,91058,3
95166,91058,3
105213,91058,4
71506,91058,4
190595,91058,4
767,37235,6
84202,22248,3
84772,22248,3
76158,22248,3
81844,22248,3
50328,22248,3
72785,22248,3
133868,22248,3
84780,22248,3
75804,22248,3
26420,22248,4
114124,22248,3
80929,22248,3
95653,22248,3
188474,22248,3
15615,22248,3
161265,22248,3
98814,22248,4
22248,37235,6
136440,22248,3
106112,22248,3
160184,22248,3
34326,233528,8
232868,193847,4
47373,193847,4
61739,193847,4
193847,34326,5
94565,34326,5
137455,94565,3
82172,94565,3
191221,94565,3
44602,121459,4
50062,121459,4
121459,34326,5
170027,121459,3
149104,121459,3
131508,121459,3
136028,121459,3
40105,034326  ,4
81190,034326  ,4
75440,034326  ,3
159418,034326  ,4
27311,3642,8
129940,27311,3
93450,27311,5
207696,3642,7
210187,207696,6
189571,207696,7
213819,3642,4
173146,3642,4
105171,3642,4
130336,3642,4
169995,3642,6
133876,3642,5
55731,3642,3
152983,3642,5
64287,3642,5
128264,27311,4
64055,34326,6
95760,117465,4
80663,117465,4
117465,34326,5
67330,117465,3
60061,117465,3
215889,117465,3
3634,233528,5
81893,3634,4
36784,3634,4
222315,3634,3
52357,3634,4
233262,3634,4
67603,3634,4
189274,3634,4
159673,3634,4
128561,19473,4
19473,213348,8
58610,19473,5
64535,19473,5
74138,19473,5
142620,19473,3
83527,19473,4
46136,232496,5
121368,46136,3
74989,46136,3
188763,46136,3
50849,46136,3
48165,46136,4
55251,46136,4
232496,96560,11
108274,52829,5
36768,108274,3
126557,108274,3
135111,108274,3
159426,108274,3
52829,232496,6
163972,52829,5
118208,52829,5
211292,118208,4
66761,118208,4
57398,96560,12
175034,28236,6
48116,175034,5
28236,232496,8
164020,116491,4
104901,116491,4
178004,116491,4
116491,28236,7
157891,116491,4
233734,116491,4
230052,116491,4
168377,116491,4
136796,116491,4
79251,116491,4
130138,116491,3
166132,116491,3
66050,116491,5
26909,116491,5
20440,116491,5
16239,116491,5
21111,59113,5
39897,59113,5
27735,21111,3
23977,49684,8
44966,23977,4
83113,23977,6
22222,83113,5
198127,22222,3
181586,22222,3
198283,22222,3
228361,22222,3
227082,22222,3
164491,22222,3
218875,22222,3
212803,22222,3
147561,22222,3
230722,22222,3
147512,22222,3
228809,22222,3
216275,22222,3
235085,22222,3
199315,22222,3
206797,22222,3
227538,22222,3
228817,22222,3
93112,22222,3
216283,22222,3
139931,22222,3
216655,22222,3
206839,22222,3
143495,22222,3
151373,22222,3
155515,22222,3
148551,22222,3
161935,22222,3
116418,22222,4
147967,22222,4
82883,22222,4
148031,22222,4
143727,22222,4
147611,22222,4
135046,106138,4
45864,106138,4
106138,83113,5
49007,106138,3
116517,212639,5
227173,116517,3
227132,116517,3
182048,116517,3
216630,116517,3
189498,116517,3
52209,116517,4
218487,116517,5
191569,116517,4
86074,116517,4
85142,94177,5
78188,85142,3
187419,85142,3
189084,85142,3
204305,85142,3
146126,85142,3
133207,85142,3
194233,85142,3
212084,85142,3
122754,85142,3
111161,85142,3
228924,85142,3
187039,85142,3
136051,85142,4
94524,85142,4
107599,85142,4
94177,93062,6
158188,94177,3
176263,85142,3
134445,85142,3
99424,85142,3
109611,85142,3
148130,85142,3
179127,85142,3
148429,85142,3
168864,85142,3
111195,85142,3
202515,85142,3
201459,85142,3
168757,85142,3
114017,85142,3
134056,85142,3
136754,85142,3
164657,85142,3
169045,85142,3
188144,85142,3
134304,85142,3
209734,85142,3
201699,85142,3
206888,85142,3
195727,85142,3
197053,85142,3
150953,85142,3
196436,85142,3
199349,85142,3
134080,85142,3
111930,85142,3
164640,85142,3
127332,85142,3
125138,85142,3
134064,85142,3
146290,85142,3
103010,85142,3
152470,85142,3
169037,85142,3
165324,85142,3
207985,85142,3
202242,85142,3
122770,85142,3
101741,85142,3
157545,85142,3
197319,85142,3
157826,85142,3
134437,85142,3
170068,85142,3
164707,85142,3
107540,85142,3
103580,85142,4
122408,85142,4
76232,85142,4
108456,94177,3
185876,94177,3
190827,94177,3
214551,94177,3
59394,94177,3
228601,94177,3
217083,94177,3
165613,94177,3
124255,94177,3
232389,94177,3
234294,94177,3
73379,94177,3
115253,94177,3
111344,94177,3
52696,94177,3
46359,94177,3
40386,94177,4
80473,94177,5
233924,80473,3
233932,80473,3
233940,80473,3
130948,80473,3
140970,80473,3
140988,80473,3
160325,80473,3
163014,80473,3
170415,80473,3
181966,80473,3
183848,80473,3
184481,80473,3
187591,80473,3
191957,80473,3
205336,80473,3
213363,80473,3
215244,80473,3
215251,80473,3
217414,80473,3
227447,80473,3
227454,80473,3
228684,80473,3
228692,80473,3
231522,80473,3
227462,80473,3
116327,94177,5
234526,116327,3
79202,116327,3
82107,116327,3
102822,116327,3
106443,116327,3
110379,116327,3
112912,116327,3
131920,116327,3
140616,116327,3
141911,116327,3
148577,116327,3
152546,116327,3
156653,116327,3
161638,116327,3
165977,116327,3
172791,116327,3
183830,116327,3
188052,116327,3
194357,116327,3
201269,116327,3
201970,116327,3
203000,116327,3
203018,116327,3
203869,116327,3
205849,116327,3
214346,116327,3
216689,116327,3
216705,116327,3
217422,116327,3
219162,116327,3
228700,116327,3
231167,116327,3
232967,116327,3
201020,116327,3
232405,116327,3
147603,116327,3
197046,116327,3
197061,116327,3
118281,116327,3
104844,116327,3
107441,116327,3
187740,116327,3
112730,116327,3
46854,116327,4
58263,116327,4
98764,116327,4
96420,47506,4
45047,47506,4
44701,47506,4
139907,47506,4
47506,94177,5
122515,47506,3
141887,47506,3
101683,47506,3
151803,47506,3
124008,47506,3
148163,47506,3
75358,47506,3
61366,47506,3
180869,47506,3
160515,47506,3
98962,47506,3
66308,47506,3
195396,47506,3
135665,47506,5
66787,47506,4
106740,47506,4
129874,66563,5
207803,129874,3
48744,129874,3
147249,129874,3
172205,129874,3
161596,129874,3
142380,129874,4
137711,46078,4
139832,46078,4
148916,46078,4
150946,46078,4
98368,46078,4
46078,66563,5
128777,46078,3
195602,46078,3
130989,46078,3
181982,46078,3
187252,46078,3
135558,46078,3
215848,46078,3
76190,46078,3
172148,46078,3
193102,46078,3
165449,46078,3
211011,46078,3
214668,46078,3
233510,46078,3
213215,46078,3
81497,46078,3
135699,46078,3
164665,46078,3
148346,46078,3
79392,46078,4
78873,46078,4
137273,66563,5
225037,137273,3
208827,137273,3
227470,137273,3
187195,137273,3
196543,137273,3
208496,137273,3
200220,137273,3
169888,137273,4
51714,137273,4
66563,93062,7
125203,114942,4
129445,114942,4
114942,66563,5
172262,114942,3
225409,114942,3
122598,114942,3
225789,114942,3
173252,114942,3
208454,114942,3
133728,114942,3
130856,114942,3
137232,114942,4
205641,227751,6
153031,205641,4
234443,205641,5
188706,205641,5
202325,227751,6
182501,202325,4
229120,202325,4
213546,202325,3
208926,41186,2
68254,41186,3
200725,41186,3
210385,41186,3
164962,41186,3
169201,41186,3
197038,41186,3
222463,41186,3
230896,41186,3
184440,41186,3
42937,41186,3
46623,41186,3
180786,41186,4
48603,41186,4
41186,229633,6
158980,41186,3
146548,41186,3
157529,41186,3
120535,41186,3
191932,41186,4
193904,41186,3
75408,41186,4
233288,71670,8
189977,128017,5
136267,128017,6
206557,128017,6
230672,128017,6
200121,128017,6
222596,94177,4
107961,94177,3
51862,94177,3
71670,161786,11
93062,71670,8
130088,93062,3
135756,93062,3
128017,71670,8
199422,69203,4
213421,69203,4
231530,69203,4
206235,69203,4
117267,69203,4
26195,69203,4
60137,69203,4
164012,69203,4
144501,69203,4
69203,93062,5
164590,69203,3
190900,69203,3
211458,69203,3
172353,69203,3
197483,69203,3
112953,69203,3
124388,69203,3
174748,69203,4
71894,69203,4
17065,95463,4
95463,93062,5
112623,95463,3
150383,95463,3
234807,116327,3
127183,95463,3
229369,95463,3
42952,95463,3
70110,95463,4
136895,95463,4
161349,95463,4
108753,128017,7
164681,128017,7
179184,128017,7
25377,41186,5
226894,25377,3
220822,25377,3
222547,25377,3
116830,25377,3
219600,25377,3
120774,25377,3
104455,25377,3
141655,25377,3
219675,45005,2
35801,45005,2
219667,45005,2
180752,45005,2
219659,45005,2
93435,49684,6
135137,93435,4
125625,117341,4
117341,49684,6
106211,234864,4
222166,234864,5
176677,234864,4
120782,234864,4
223834,234864,4
100230,212639,3
100214,212639,3
115261,212639,3
194118,212639,3
210435,212639,3
169755,212639,4
100206,212639,4
206599,156570,3
156570,191163,5
50302,156570,4
115667,36776,4
109496,36776,4
36776,233528,5
231647,36776,3
40774,36776,3
43422,36776,4
80648,228403,4
162743,167502,5
141044,167502,4
167502,153452,6
153452,213348,7
229062,227751,8
176545,229062,3
235093,229062,3
231969,229062,3
188292,229062,3
176230,229062,3
6323,229062,5
100784,6323,3
49064,6323,3
40717,6323,3
201434,6323,3
232884,6323,3
42135,6323,4
232348,229062,3
164509,229062,3
198978,227025,4
203042,227025,5
217091,207456,3
100156,205807,7
23943,100156,3
142414,207456,4
214650,207456,4
207126,207456,3
207456,190694,5
14863,207456,2
205807,96560,11
83139,205807,8
42812,83139,3
190694,83139,6
54585,5076,12
208900,5076,9
219048,5076,9
229203,214015,8
199612,214015,8
160572,53383,8
53383,5076,11
197111,53383,1
